{
  "type": "header",
  "name": "Header group",
  "sections": {
    "announcement-bar": {
      "type": "announcement-bar",
      "blocks": {
        "message": {
          "type": "message",
          "settings": {
            "text": "Announce something here"
          }
        }
      },
      "block_order": [
        "message"
      ],
      "settings": {
        "enable_sticky": false,
        "text_size": "text-xs",
        "navigation_mode": "scrolling",
        "scrolling_speed": 10,
        "background": "#1a1a1a",
        "text_color": "#ffffff"
      }
    },
    "header": {
      "type": "header",
      "settings": {
        "enable_sticky": true,
        "hide_on_scroll": false,
        "logo": "{{shop.brand.logo}}",
        "logo_max_width": 120,
        "logo_mobile_max_width": 100,
        "menu": "main-menu",
        "menu_open_trigger": "click",
        "opening_from": "bottom",
        "layout": "logo_left_navigation_center",
        "show_social_media": true,
        "show_country_flag": true,
        "show_country_name": false,
        "transparent_header_text_color": "#ffffff",
        "reduce_padding": false,
        "background_opacity": 100,
        "background_blur_radius": 0
      }
    }
  },
  "order": [
    "announcement-bar",
    "header"
  ]
}